step,episode_reward
0.0,-449.20001220703125
1000.0,-415.3999938964844
